dataset,field,types,description,null_allowed
stores,store_id,string,店舗ID,false
stores,store_code,string,データ名とフィールド名に対応。詳細は計算ルール／導入ガイドを参照。,false
stores,store_name,string,データ名とフィールド名に対応。詳細は計算ルール／導入ガイドを参照。,false
stores,business_type,string,データ名とフィールド名に対応。詳細は計算ルール／導入ガイドを参照。,false
stores,currency,string,データ名とフィールド名に対応。詳細は計算ルール／導入ガイドを参照。,false
stores,timezone,string,データ名とフィールド名に対応。詳細は計算ルール／導入ガイドを参照。,false
stores,is_demo,boolean,データ名とフィールド名に対応。詳細は計算ルール／導入ガイドを参照。,false
stores,service_bps,integer,サービス料率・bps,false
stores,tax_bps,integer,税率パラメーター・bps,false
stores,price_basis,string,価格基準,false
stores,cost_basis,string,原価基準,false
stores,vip_mode,string,データ名とフィールド名に対応。詳細は計算ルール／導入ガイドを参照。,false
stores,auto_extension,boolean,データ名とフィールド名に対応。詳細は計算ルール／導入ガイドを参照。,false
stores,receivables_enabled_demo,boolean,データ名とフィールド名に対応。詳細は計算ルール／導入ガイドを参照。,false
stores,nomination_enabled,boolean,データ名とフィールド名に対応。詳細は計算ルール／導入ガイドを参照。,false
stores,minimum_monthly_guarantee_enabled,boolean,データ名とフィールド名に対応。詳細は計算ルール／導入ガイドを参照。,false
stores,reference_clock,string,データ名とフィールド名に対応。詳細は計算ルール／導入ガイドを参照。,false
stores,record_status,string,データ状態,false
categories,category_id,string,データ名とフィールド名に対応。詳細は計算ルール／導入ガイドを参照。,false
categories,store_id,string,店舗ID,false
categories,display_name,string,データ名とフィールド名に対応。詳細は計算ルール／導入ガイドを参照。,false
categories,sort_order,integer,データ名とフィールド名に対応。詳細は計算ルール／導入ガイドを参照。,false
products,product_id,string,商品ID,false
products,store_id,string,店舗ID,false
products,product_key,string,データ名とフィールド名に対応。詳細は計算ルール／導入ガイドを参照。,false
products,product_name,string,データ名とフィールド名に対応。詳細は計算ルール／導入ガイドを参照。,false
products,accounting_class,string,データ名とフィールド名に対応。詳細は計算ルール／導入ガイドを参照。,false
products,display_category_id,string,データ名とフィールド名に対応。詳細は計算ルール／導入ガイドを参照。,false
products,display_category_name,string,データ名とフィールド名に対応。詳細は計算ルール／導入ガイドを参照。,false
products,selling_price_yen,integer,販売価格・税サービス料加算前,false
products,cost_yen,integer,仮置き商品原価,false
products,price_basis,string,価格基準,false
products,cost_basis,string,原価基準,false
products,sale_unit,string,データ名とフィールド名に対応。詳細は計算ルール／導入ガイドを参照。,false
products,stock_tracking,boolean,データ名とフィールド名に対応。詳細は計算ルール／導入ガイドを参照。,false
products,reorder_point,integer | null,データ名とフィールド名に対応。詳細は計算ルール／導入ガイドを参照。,true
products,back_mode,string,データ名とフィールド名に対応。詳細は計算ルール／導入ガイドを参照。,false
products,back_rate_bps,integer | null,商品バック率・bps,true
products,back_main_yen,integer,本指名単価,false
products,back_inhouse_yen,integer,場内単価,false
products,back_accompanied_yen,integer,同伴単価,false
products,back_free_yen,integer,フリー単価,false
products,nomination_points_per_unit,integer,商品1単位の本指名pt設定案,false
products,cast_drink_exclude_from_shared_sales,boolean,キャストドリンク・共有按分除外フラグ,false
products,assigned_person_required,boolean,データ名とフィールド名に対応。詳細は計算ルール／導入ガイドを参照。,false
products,is_active,boolean,データ名とフィールド名に対応。詳細は計算ルール／導入ガイドを参照。,false
products,sort_order,integer,データ名とフィールド名に対応。詳細は計算ルール／導入ガイドを参照。,false
products,record_status,string,データ状態,false
products,source,string,データ名とフィールド名に対応。詳細は計算ルール／導入ガイドを参照。,false
products,notes,string,データ名とフィールド名に対応。詳細は計算ルール／導入ガイドを参照。,false
pricing_rules,pricing_rule_id,string,データ名とフィールド名に対応。詳細は計算ルール／導入ガイドを参照。,false
pricing_rules,store_id,string,店舗ID,false
pricing_rules,display_group,string,データ名とフィールド名に対応。詳細は計算ルール／導入ガイドを参照。,false
pricing_rules,iso_weekdays,array,ISO曜日番号・月1〜日7,false
pricing_rules,start_minute,integer,営業日00:00からの開始分,false
pricing_rules,end_minute_exclusive,integer,営業日00:00からの終了分・境界を含まない,false
pricing_rules,seat_type,string,データ名とフィールド名に対応。詳細は計算ルール／導入ガイドを参照。,false
pricing_rules,set_minutes,integer,データ名とフィールド名に対応。詳細は計算ルール／導入ガイドを参照。,false
pricing_rules,set_price_yen,integer,円単位の金額（接尾辞_yen）,false
pricing_rules,extension_minutes,integer,データ名とフィールド名に対応。詳細は計算ルール／導入ガイドを参照。,false
pricing_rules,extension_price_yen,integer,円単位の金額（接尾辞_yen）,false
pricing_rules,vip_surcharge_yen,integer,円単位の金額（接尾辞_yen）,false
pricing_rules,vip_surcharge_unit,null | string,データ名とフィールド名に対応。詳細は計算ルール／導入ガイドを参照。,true
pricing_rules,vip_extension_surcharge_yen,integer | null,円単位の金額（接尾辞_yen）,true
pricing_rules,service_bps,integer,サービス料率・bps,false
pricing_rules,tax_bps,integer,税率パラメーター・bps,false
pricing_rules,price_snapshot_at,string,データ名とフィールド名に対応。詳細は計算ルール／導入ガイドを参照。,false
pricing_rules,auto_extension,boolean,データ名とフィールド名に対応。詳細は計算ルール／導入ガイドを参照。,false
pricing_rules,priority,integer,データ名とフィールド名に対応。詳細は計算ルール／導入ガイドを参照。,false
pricing_rules,is_active,boolean,データ名とフィールド名に対応。詳細は計算ルール／導入ガイドを参照。,false
pricing_rules,record_status,string,データ状態,false
pricing_rules,notes,string,データ名とフィールド名に対応。詳細は計算ルール／導入ガイドを参照。,false
nomination_ranks,rank_id,string,データ名とフィールド名に対応。詳細は計算ルール／導入ガイドを参照。,false
nomination_ranks,store_id,string,店舗ID,false
nomination_ranks,rank_name,string,データ名とフィールド名に対応。詳細は計算ルール／導入ガイドを参照。,false
nomination_ranks,main_charge_yen,integer,円単位の金額（接尾辞_yen）,false
nomination_ranks,inhouse_charge_yen,integer,円単位の金額（接尾辞_yen）,false
nomination_ranks,accompanied_charge_yen,integer,円単位の金額（接尾辞_yen）,false
nomination_ranks,auto_add_main_with_accompanied,boolean,データ名とフィールド名に対応。詳細は計算ルール／導入ガイドを参照。,false
nomination_ranks,reference_charge_unit,string,データ名とフィールド名に対応。詳細は計算ルール／導入ガイドを参照。,false
nomination_ranks,extension_recharge,string,データ名とフィールド名に対応。詳細は計算ルール／導入ガイドを参照。,false
compensation_plans,plan_id,string,報酬プランID,false
compensation_plans,store_id,string,店舗ID,false
compensation_plans,plan_name,string,データ名とフィールド名に対応。詳細は計算ルール／導入ガイドを参照。,false
compensation_plans,base_hourly_yen,integer,円単位の金額（接尾辞_yen）,false
compensation_plans,main_reward_yen,integer,円単位の金額（接尾辞_yen）,false
compensation_plans,inhouse_reward_yen,integer,円単位の金額（接尾辞_yen）,false
compensation_plans,accompanied_reward_yen,integer,円単位の金額（接尾辞_yen）,false
compensation_plans,product_back_policy,string,データ名とフィールド名に対応。詳細は計算ルール／導入ガイドを参照。,false
compensation_plans,plan_specific_product_override,boolean,データ名とフィールド名に対応。詳細は計算ルール／導入ガイドを参照。,false
compensation_plans,minimum_monthly_guarantee,boolean,データ名とフィールド名に対応。詳細は計算ルール／導入ガイドを参照。,false
compensation_plans,sales_slide,boolean,データ名とフィールド名に対応。詳細は計算ルール／導入ガイドを参照。,false
compensation_plans,point_slide,boolean,データ名とフィールド名に対応。詳細は計算ルール／導入ガイドを参照。,false
compensation_plans,bonus_tier_policy,string,データ名とフィールド名に対応。詳細は計算ルール／導入ガイドを参照。,false
compensation_plans,sales_slide_application_timing,null | string,データ名とフィールド名に対応。詳細は計算ルール／導入ガイドを参照。,true
compensation_plans,record_status,string,データ状態,false
bonus_rule_proposals,bonus_rule_id,string,データ名とフィールド名に対応。詳細は計算ルール／導入ガイドを参照。,false
bonus_rule_proposals,store_id,string,店舗ID,false
bonus_rule_proposals,plan_id,string,報酬プランID,false
bonus_rule_proposals,metric,string,データ名とフィールド名に対応。詳細は計算ルール／導入ガイドを参照。,false
bonus_rule_proposals,threshold,integer,データ名とフィールド名に対応。詳細は計算ルール／導入ガイドを参照。,false
bonus_rule_proposals,bonus_yen,integer,円単位の金額（接尾辞_yen）,false
bonus_rule_proposals,aggregation,string,データ名とフィールド名に対応。詳細は計算ルール／導入ガイドを参照。,false
bonus_rule_proposals,execution_status,string,データ名とフィールド名に対応。詳細は計算ルール／導入ガイドを参照。,false
sales_slide_tiers,slide_tier_id,string,データ名とフィールド名に対応。詳細は計算ルール／導入ガイドを参照。,false
sales_slide_tiers,store_id,string,店舗ID,false
sales_slide_tiers,plan_id,string,報酬プランID,false
sales_slide_tiers,tier,integer,データ名とフィールド名に対応。詳細は計算ルール／導入ガイドを参照。,false
sales_slide_tiers,daily_sales_threshold_yen,integer,円単位の金額（接尾辞_yen）,false
sales_slide_tiers,hourly_yen,integer,円単位の金額（接尾辞_yen）,false
sales_slide_tiers,application_timing,string,データ名とフィールド名に対応。詳細は計算ルール／導入ガイドを参照。,false
sales_slide_tiers,record_status,string,データ状態,false
people,person_id,string,人物ID,false
people,store_id,string,店舗ID,false
people,display_name,string,データ名とフィールド名に対応。詳細は計算ルール／導入ガイドを参照。,false
people,business_role,string,データ名とフィールド名に対応。詳細は計算ルール／導入ガイドを参照。,false
people,system_role_candidate,string,データ名とフィールド名に対応。詳細は計算ルール／導入ガイドを参照。,false
people,back_eligible,boolean,データ名とフィールド名に対応。詳細は計算ルール／導入ガイドを参照。,false
people,plan_id,null | string,報酬プランID,true
people,rank_id,null | string,データ名とフィールド名に対応。詳細は計算ルール／導入ガイドを参照。,true
people,base_hourly_yen,integer,円単位の金額（接尾辞_yen）,false
people,shift_request_type,string,データ名とフィールド名に対応。詳細は計算ルール／導入ガイドを参照。,false
people,joined_on,null | string,入店日,true
people,employment_contract_type,string,データ名とフィールド名に対応。詳細は計算ルール／導入ガイドを参照。,false
people,is_active,boolean,データ名とフィールド名に対応。詳細は計算ルール／導入ガイドを参照。,false
people,is_demo,boolean,データ名とフィールド名に対応。詳細は計算ルール／導入ガイドを参照。,false
people,record_status,string,データ状態,false
person_plan_assignments,assignment_id,string,データ名とフィールド名に対応。詳細は計算ルール／導入ガイドを参照。,false
person_plan_assignments,store_id,string,店舗ID,false
person_plan_assignments,person_id,string,人物ID,false
person_plan_assignments,plan_id,string,報酬プランID,false
person_plan_assignments,rank_id,null | string,データ名とフィールド名に対応。詳細は計算ルール／導入ガイドを参照。,true
person_plan_assignments,valid_from,null | string,データ名とフィールド名に対応。詳細は計算ルール／導入ガイドを参照。,true
person_plan_assignments,valid_to,null,データ名とフィールド名に対応。詳細は計算ルール／導入ガイドを参照。,true
person_plan_assignments,note,string,データ名とフィールド名に対応。詳細は計算ルール／導入ガイドを参照。,false
newcomer_guarantee_proposals,guarantee_id,string,データ名とフィールド名に対応。詳細は計算ルール／導入ガイドを参照。,false
newcomer_guarantee_proposals,store_id,string,店舗ID,false
newcomer_guarantee_proposals,person_id,string,人物ID,false
newcomer_guarantee_proposals,valid_from,string,データ名とフィールド名に対応。詳細は計算ルール／導入ガイドを参照。,false
newcomer_guarantee_proposals,valid_to_inclusive,string,データ名とフィールド名に対応。詳細は計算ルール／導入ガイドを参照。,false
newcomer_guarantee_proposals,hourly_yen,integer,円単位の金額（接尾辞_yen）,false
newcomer_guarantee_proposals,plan_id,string,報酬プランID,false
newcomer_guarantee_proposals,next_plan_id,string,データ名とフィールド名に対応。詳細は計算ルール／導入ガイドを参照。,false
newcomer_guarantee_proposals,switch_on,string,データ名とフィールド名に対応。詳細は計算ルール／導入ガイドを参照。,false
newcomer_guarantee_proposals,auto_switch_verified,boolean,データ名とフィールド名に対応。詳細は計算ルール／導入ガイドを参照。,false
newcomer_guarantee_proposals,record_status,string,データ状態,false
september_business_calendar,store_id,string,店舗ID,false
september_business_calendar,business_date,string,データ名とフィールド名に対応。詳細は計算ルール／導入ガイドを参照。,false
september_business_calendar,is_open,boolean,データ名とフィールド名に対応。詳細は計算ルール／導入ガイドを参照。,false
september_business_calendar,closed_reason,null | string,データ名とフィールド名に対応。詳細は計算ルール／導入ガイドを参照。,true
daily_sales_targets,store_id,string,店舗ID,false
daily_sales_targets,business_date,string,データ名とフィールド名に対応。詳細は計算ルール／導入ガイドを参照。,false
daily_sales_targets,iso_weekday,integer,データ名とフィールド名に対応。詳細は計算ルール／導入ガイドを参照。,false
daily_sales_targets,is_open,boolean,データ名とフィールド名に対応。詳細は計算ルール／導入ガイドを参照。,false
daily_sales_targets,target_gross_sales_yen,integer,円単位の金額（接尾辞_yen）,false
daily_sales_targets,record_status,string,データ状態,false
daily_sales_targets,derived_from_order_lines,boolean,データ名とフィールド名に対応。詳細は計算ルール／導入ガイドを参照。,false
monthly_sales_targets,store_id,string,店舗ID,false
monthly_sales_targets,month,string,データ名とフィールド名に対応。詳細は計算ルール／導入ガイドを参照。,false
monthly_sales_targets,stated_monthly_gross_yen,integer,円単位の金額（接尾辞_yen）,false
monthly_sales_targets,daily_target_sum_yen,integer,円単位の金額（接尾辞_yen）,false
monthly_sales_targets,difference_yen,integer,円単位の金額（接尾辞_yen）,false
monthly_sales_targets,stated_open_days,integer,データ名とフィールド名に対応。詳細は計算ルール／導入ガイドを参照。,false
monthly_sales_targets,daily_open_days,integer,データ名とフィールド名に対応。詳細は計算ルール／導入ガイドを参照。,false
monthly_sales_targets,visit_groups_target,integer,データ名とフィールド名に対応。詳細は計算ルール／導入ガイドを参照。,false
monthly_sales_targets,guests_target,integer,データ名とフィールド名に対応。詳細は計算ルール／導入ガイドを参照。,false
monthly_sales_targets,guest_average_from_target_yen,number,円単位の金額（接尾辞_yen）,false
monthly_sales_targets,record_status,string,データ状態,false
monthly_sales_targets,derived_from_order_lines,boolean,データ名とフィールド名に対応。詳細は計算ルール／導入ガイドを参照。,false
ace_hourly_band_targets,store_id,string,店舗ID,false
ace_hourly_band_targets,person_id,string,人物ID,false
ace_hourly_band_targets,month,string,データ名とフィールド名に対応。詳細は計算ルール／導入ガイドを参照。,false
ace_hourly_band_targets,hourly_yen,integer,円単位の金額（接尾辞_yen）,false
ace_hourly_band_targets,hours,integer,データ名とフィールド名に対応。詳細は計算ルール／導入ガイドを参照。,false
ace_hourly_band_targets,component_yen,integer,円単位の金額（接尾辞_yen）,false
ace_hourly_band_targets,record_status,string,データ状態,false
cast_monthly_targets,store_id,string,店舗ID,false
cast_monthly_targets,person_id,string,人物ID,false
cast_monthly_targets,display_name,string,データ名とフィールド名に対応。詳細は計算ルール／導入ガイドを参照。,false
cast_monthly_targets,month,string,データ名とフィールド名に対応。詳細は計算ルール／導入ガイドを参照。,false
cast_monthly_targets,hours_target,integer,データ名とフィールド名に対応。詳細は計算ルール／導入ガイドを参照。,false
cast_monthly_targets,sales_target_yen,integer,円単位の金額（接尾辞_yen）,false
cast_monthly_targets,main_count_target,integer,データ名とフィールド名に対応。詳細は計算ルール／導入ガイドを参照。,false
cast_monthly_targets,inhouse_count_target,integer,データ名とフィールド名に対応。詳細は計算ルール／導入ガイドを参照。,false
cast_monthly_targets,accompanied_count_target,integer,データ名とフィールド名に対応。詳細は計算ルール／導入ガイドを参照。,false
cast_monthly_targets,product_reward_target_yen,integer,円単位の金額（接尾辞_yen）,false
cast_monthly_targets,stated_bonus_yen,integer,円単位の金額（接尾辞_yen）,false
cast_monthly_targets,stated_total_yen,integer,円単位の金額（接尾辞_yen）,false
cast_monthly_targets,cast_drink_count_target,integer | null,データ名とフィールド名に対応。詳細は計算ルール／導入ガイドを参照。,true
cast_monthly_targets,shot_count_target,integer | null,データ名とフィールド名に対応。詳細は計算ルール／導入ガイドを参照。,true
cast_monthly_targets,champagne_count_target,integer | null,データ名とフィールド名に対応。詳細は計算ルール／導入ガイドを参照。,true
cast_monthly_targets,eligible_in_period,boolean,対象月への計上対象か,false
cast_monthly_targets,record_status,string,データ状態,false
cast_monthly_targets,derived_from_order_lines,boolean,データ名とフィールド名に対応。詳細は計算ルール／導入ガイドを参照。,false
payroll_reference_calculation,store_id,string,店舗ID,false
payroll_reference_calculation,person_id,string,人物ID,false
payroll_reference_calculation,display_name,string,データ名とフィールド名に対応。詳細は計算ルール／導入ガイドを参照。,false
payroll_reference_calculation,month,string,データ名とフィールド名に対応。詳細は計算ルール／導入ガイドを参照。,false
payroll_reference_calculation,plan_id,string,報酬プランID,false
payroll_reference_calculation,hours_input,integer,データ名とフィールド名に対応。詳細は計算ルール／導入ガイドを参照。,false
payroll_reference_calculation,hourly_component_yen,integer,円単位の金額（接尾辞_yen）,false
payroll_reference_calculation,nomination_component_yen,integer,円単位の金額（接尾辞_yen）,false
payroll_reference_calculation,product_reward_input_yen,integer,円単位の金額（接尾辞_yen）,false
payroll_reference_calculation,bonus_from_proposed_rules_yen,integer,円単位の金額（接尾辞_yen）,false
payroll_reference_calculation,arithmetic_total_yen,integer,円単位の金額（接尾辞_yen）,false
payroll_reference_calculation,eligible_in_period,boolean,対象月への計上対象か,false
payroll_reference_calculation,included_reference_total_yen,integer,円単位の金額（接尾辞_yen）,false
payroll_reference_calculation,stated_total_yen,integer,円単位の金額（接尾辞_yen）,false
payroll_reference_calculation,difference_from_stated_yen,integer,円単位の金額（接尾辞_yen）,false
payroll_reference_calculation,payroll_finalized,boolean,給与確定済みか・本パッケージではfalse,false
payroll_reference_calculation,record_status,string,データ状態,false
payroll_reference_calculation,notes,string,データ名とフィールド名に対応。詳細は計算ルール／導入ガイドを参照。,false
payroll_reference_totals,store_id,string,店舗ID,false
payroll_reference_totals,month,string,データ名とフィールド名に対応。詳細は計算ルール／導入ガイドを参照。,false
payroll_reference_totals,stated_total_yen,integer,円単位の金額（接尾辞_yen）,false
payroll_reference_totals,arithmetic_total_all_rows_yen,integer,円単位の金額（接尾辞_yen）,false
payroll_reference_totals,eligible_reference_total_yen,integer,円単位の金額（接尾辞_yen）,false
payroll_reference_totals,excluded_rows,integer,データ名とフィールド名に対応。詳細は計算ルール／導入ガイドを参照。,false
payroll_reference_totals,staff_payroll_included,boolean,データ名とフィールド名に対応。詳細は計算ルール／導入ガイドを参照。,false
payroll_reference_totals,record_status,string,データ状態,false
ranking_reference,store_id,string,店舗ID,false
ranking_reference,month,string,データ名とフィールド名に対応。詳細は計算ルール／導入ガイドを参照。,false
ranking_reference,metric,string,データ名とフィールド名に対応。詳細は計算ルール／導入ガイドを参照。,false
ranking_reference,ordinal,integer,データ名とフィールド名に対応。詳細は計算ルール／導入ガイドを参照。,false
ranking_reference,person_id,string,人物ID,false
ranking_reference,value,integer,データ名とフィールド名に対応。詳細は計算ルール／導入ガイドを参照。,false
ranking_reference,record_status,string,データ状態,false
inventory_snapshot_targets,store_id,string,店舗ID,false
inventory_snapshot_targets,product_id,string,商品ID,false
inventory_snapshot_targets,product_name,string,データ名とフィールド名に対応。詳細は計算ルール／導入ガイドを参照。,false
inventory_snapshot_targets,as_of,string,データ名とフィールド名に対応。詳細は計算ルール／導入ガイドを参照。,false
inventory_snapshot_targets,opening_units,integer,データ名とフィールド名に対応。詳細は計算ルール／導入ガイドを参照。,false
inventory_snapshot_targets,received_units_target,integer,データ名とフィールド名に対応。詳細は計算ルール／導入ガイドを参照。,false
inventory_snapshot_targets,sold_units_target,integer,データ名とフィールド名に対応。詳細は計算ルール／導入ガイドを参照。,false
inventory_snapshot_targets,closing_units_arithmetic,integer,データ名とフィールド名に対応。詳細は計算ルール／導入ガイドを参照。,false
inventory_snapshot_targets,stated_closing_units,integer,データ名とフィールド名に対応。詳細は計算ルール／導入ガイドを参照。,false
inventory_snapshot_targets,reorder_point,integer,データ名とフィールド名に対応。詳細は計算ルール／導入ガイドを参照。,false
inventory_snapshot_targets,alert_reference,string,データ名とフィールド名に対応。詳細は計算ルール／導入ガイドを参照。,false
inventory_snapshot_targets,record_status,string,データ状態,false
inventory_snapshot_targets,movement_events_available,boolean,データ名とフィールド名に対応。詳細は計算ルール／導入ガイドを参照。,false
noir_champagne_sales_targets,store_id,string,店舗ID,false
noir_champagne_sales_targets,product_id,string,商品ID,false
noir_champagne_sales_targets,product_name,string,データ名とフィールド名に対応。詳細は計算ルール／導入ガイドを参照。,false
noir_champagne_sales_targets,month,string,データ名とフィールド名に対応。詳細は計算ルール／導入ガイドを参照。,false
noir_champagne_sales_targets,quantity_target,integer,データ名とフィールド名に対応。詳細は計算ルール／導入ガイドを参照。,false
noir_champagne_sales_targets,record_status,string,データ状態,false
baseline_day_header_targets,order_id,string,データ名とフィールド名に対応。詳細は計算ルール／導入ガイドを参照。,false
baseline_day_header_targets,store_id,string,店舗ID,false
baseline_day_header_targets,business_date,string,データ名とフィールド名に対応。詳細は計算ルール／導入ガイドを参照。,false
baseline_day_header_targets,opened_at,string,データ名とフィールド名に対応。詳細は計算ルール／導入ガイドを参照。,false
baseline_day_header_targets,guests,integer,データ名とフィールド名に対応。詳細は計算ルール／導入ガイドを参照。,false
baseline_day_header_targets,source_assignee_names,string,データ名とフィールド名に対応。詳細は計算ルール／導入ガイドを参照。,false
baseline_day_header_targets,gross_amount_target_yen,integer,円単位の金額（接尾辞_yen）,false
baseline_day_header_targets,record_status,string,データ状態,false
baseline_day_header_targets,item_lines_available,boolean,データ名とフィールド名に対応。詳細は計算ルール／導入ガイドを参照。,false
day_header_reconciliation,store_id,string,店舗ID,false
day_header_reconciliation,business_date,string,データ名とフィールド名に対応。詳細は計算ルール／導入ガイドを参照。,false
day_header_reconciliation,stated_day_total_yen,integer,円単位の金額（接尾辞_yen）,false
day_header_reconciliation,header_sum_yen,integer,円単位の金額（接尾辞_yen）,false
day_header_reconciliation,difference_yen,integer,円単位の金額（接尾辞_yen）,false
day_header_reconciliation,complete_line_data,boolean,データ名とフィールド名に対応。詳細は計算ルール／導入ガイドを参照。,false
orders,order_id,string,データ名とフィールド名に対応。詳細は計算ルール／導入ガイドを参照。,false
orders,store_id,string,店舗ID,false
orders,business_date,string,データ名とフィールド名に対応。詳細は計算ルール／導入ガイドを参照。,false
orders,opened_at,string,データ名とフィールド名に対応。詳細は計算ルール／導入ガイドを参照。,false
orders,table_label,string,データ名とフィールド名に対応。詳細は計算ルール／導入ガイドを参照。,false
orders,guest_count,integer,データ名とフィールド名に対応。詳細は計算ルール／導入ガイドを参照。,false
orders,pricing_rule_id,string,データ名とフィールド名に対応。詳細は計算ルール／導入ガイドを参照。,false
orders,customer_id,null | string,顧客ID,true
orders,subtotal_yen,integer,円単位の金額（接尾辞_yen）,false
orders,service_bps,integer,サービス料率・bps,false
orders,service_fee_yen,integer,円単位の金額（接尾辞_yen）,false
orders,tax_bps,integer,税率パラメーター・bps,false
orders,tax_yen,integer,円単位の金額（接尾辞_yen）,false
orders,total_yen,integer,円単位の金額（接尾辞_yen）,false
orders,known_product_cost_yen,integer,円単位の金額（接尾辞_yen）,false
orders,product_back_total_yen,integer,円単位の金額（接尾辞_yen）,false
orders,nomination_back_total_yen,integer,円単位の金額（接尾辞_yen）,false
orders,receivable_amount_yen,integer,円単位の金額（接尾辞_yen）,false
orders,order_status,string,データ名とフィールド名に対応。詳細は計算ルール／導入ガイドを参照。,false
orders,has_complete_item_lines,boolean,データ名とフィールド名に対応。詳細は計算ルール／導入ガイドを参照。,false
orders,record_status,string,データ状態,false
orders,nomination_repeat_on_extension,boolean,データ名とフィールド名に対応。詳細は計算ルール／導入ガイドを参照。,false
order_items,order_item_id,string,データ名とフィールド名に対応。詳細は計算ルール／導入ガイドを参照。,false
order_items,order_id,string,データ名とフィールド名に対応。詳細は計算ルール／導入ガイドを参照。,false
order_items,store_id,string,店舗ID,false
order_items,line_number,integer,データ名とフィールド名に対応。詳細は計算ルール／導入ガイドを参照。,false
order_items,line_type,string,データ名とフィールド名に対応。詳細は計算ルール／導入ガイドを参照。,false
order_items,charge_type,null | string,データ名とフィールド名に対応。詳細は計算ルール／導入ガイドを参照。,true
order_items,product_id,null | string,商品ID,true
order_items,description,string,データ名とフィールド名に対応。詳細は計算ルール／導入ガイドを参照。,false
order_items,quantity,integer,データ名とフィールド名に対応。詳細は計算ルール／導入ガイドを参照。,false
order_items,unit_price_yen,integer,円単位の金額（接尾辞_yen）,false
order_items,line_subtotal_yen,integer,円単位の金額（接尾辞_yen）,false
order_items,unit_cost_yen,integer | null,円単位の金額（接尾辞_yen）,true
order_items,known_product_cost_yen,integer | null,円単位の金額（接尾辞_yen）,true
order_items,recipient_person_id,null | string,データ名とフィールド名に対応。詳細は計算ルール／導入ガイドを参照。,true
order_items,nomination_status,null | string,データ名とフィールド名に対応。詳細は計算ルール／導入ガイドを参照。,true
order_items,product_back_yen,integer,円単位の金額（接尾辞_yen）,false
order_items,nomination_back_yen,integer,円単位の金額（接尾辞_yen）,false
order_items,stock_units_consumed,integer,データ名とフィールド名に対応。詳細は計算ルール／導入ガイドを参照。,false
order_items,record_status,string,データ状態,false
order_reward_calculations,order_id,string,データ名とフィールド名に対応。詳細は計算ルール／導入ガイドを参照。,false
order_reward_calculations,store_id,string,店舗ID,false
order_reward_calculations,person_id,string,人物ID,false
order_reward_calculations,display_name,string,データ名とフィールド名に対応。詳細は計算ルール／導入ガイドを参照。,false
order_reward_calculations,product_reward_yen,integer,円単位の金額（接尾辞_yen）,false
order_reward_calculations,main_reward_yen,integer,円単位の金額（接尾辞_yen）,false
order_reward_calculations,inhouse_reward_yen,integer,円単位の金額（接尾辞_yen）,false
order_reward_calculations,accompanied_reward_yen,integer,円単位の金額（接尾辞_yen）,false
order_reward_calculations,total_reward_yen,integer,円単位の金額（接尾辞_yen）,false
order_reward_calculations,record_status,string,データ状態,false
payment_examples,payment_id,string,データ名とフィールド名に対応。詳細は計算ルール／導入ガイドを参照。,false
payment_examples,order_id,string,データ名とフィールド名に対応。詳細は計算ルール／導入ガイドを参照。,false
payment_examples,store_id,string,店舗ID,false
payment_examples,method,string,データ名とフィールド名に対応。詳細は計算ルール／導入ガイドを参照。,false
payment_examples,amount_yen,integer,円単位の金額（接尾辞_yen）,false
payment_examples,posted,boolean,データ名とフィールド名に対応。詳細は計算ルール／導入ガイドを参照。,false
payment_examples,provenance,string,データ名とフィールド名に対応。詳細は計算ルール／導入ガイドを参照。,false
payment_examples,record_status,string,データ状態,false
expected_results,test_id,string,データ名とフィールド名に対応。詳細は計算ルール／導入ガイドを参照。,false
expected_results,store_id,string,店舗ID,false
expected_results,order_id,string,データ名とフィールド名に対応。詳細は計算ルール／導入ガイドを参照。,false
expected_results,expected_subtotal_yen,integer,円単位の金額（接尾辞_yen）,false
expected_results,expected_service_yen,integer,円単位の金額（接尾辞_yen）,false
expected_results,expected_tax_yen,integer,円単位の金額（接尾辞_yen）,false
expected_results,expected_total_yen,integer,円単位の金額（接尾辞_yen）,false
expected_results,expected_product_back_yen,integer,円単位の金額（接尾辞_yen）,false
expected_results,expected_nomination_back_yen,integer,円単位の金額（接尾辞_yen）,false
expected_results,expected_receivable_yen,integer,円単位の金額（接尾辞_yen）,false
expected_results,record_status,string,データ状態,false
standalone_slide_test,test_id,string,データ名とフィールド名に対応。詳細は計算ルール／導入ガイドを参照。,false
standalone_slide_test,store_id,string,店舗ID,false
standalone_slide_test,input_daily_allocated_sales_yen,integer,円単位の金額（接尾辞_yen）,false
standalone_slide_test,expected_hourly_band_yen,integer,円単位の金額（接尾辞_yen）,false
standalone_slide_test,actual_application_date,null,データ名とフィールド名に対応。詳細は計算ルール／導入ガイドを参照。,true
customers,customer_id,string,顧客ID,false
customers,store_id,string,店舗ID,false
customers,display_name,string,データ名とフィールド名に対応。詳細は計算ルール／導入ガイドを参照。,false
customers,customer_label,string,データ名とフィールド名に対応。詳細は計算ルール／導入ガイドを参照。,false
customers,relationship_person_id,null | string,データ名とフィールド名に対応。詳細は計算ルール／導入ガイドを参照。,true
customers,relationship_type,string,データ名とフィールド名に対応。詳細は計算ルール／導入ガイドを参照。,false
customers,phone,null,データ名とフィールド名に対応。詳細は計算ルール／導入ガイドを参照。,true
customers,email,null,データ名とフィールド名に対応。詳細は計算ルール／導入ガイドを参照。,true
customers,address,null,データ名とフィールド名に対応。詳細は計算ルール／導入ガイドを参照。,true
customers,is_demo,boolean,データ名とフィールド名に対応。詳細は計算ルール／導入ガイドを参照。,false
customers,record_status,string,データ状態,false
customers,notes,string,データ名とフィールド名に対応。詳細は計算ルール／導入ガイドを参照。,false
customer_monthly_targets,customer_id,string,顧客ID,false
customer_monthly_targets,store_id,string,店舗ID,false
customer_monthly_targets,month,string,データ名とフィールド名に対応。詳細は計算ルール／導入ガイドを参照。,false
customer_monthly_targets,visits_target,integer | null,データ名とフィールド名に対応。詳細は計算ルール／導入ガイドを参照。,true
customer_monthly_targets,gross_spending_target_yen,integer,円単位の金額（接尾辞_yen）,false
customer_monthly_targets,vip_visits_target,integer | null,データ名とフィールド名に対応。詳細は計算ルール／導入ガイドを参照。,true
customer_monthly_targets,bottle_keep_label,null | string,データ名とフィールド名に対応。詳細は計算ルール／導入ガイドを参照。,true
customer_monthly_targets,lifetime_spending_target_yen,integer | null,円単位の金額（接尾辞_yen）,true
customer_monthly_targets,last_visit_target,null | string,データ名とフィールド名に対応。詳細は計算ルール／導入ガイドを参照。,true
customer_monthly_targets,record_status,string,データ状態,false
customer_monthly_targets,derived_from_receipts,boolean,データ名とフィールド名に対応。詳細は計算ルール／導入ガイドを参照。,false
customer_visit_targets,visit_target_id,string,データ名とフィールド名に対応。詳細は計算ルール／導入ガイドを参照。,false
customer_visit_targets,store_id,string,店舗ID,false
customer_visit_targets,customer_id,string,顧客ID,false
customer_visit_targets,business_date,string,データ名とフィールド名に対応。詳細は計算ルール／導入ガイドを参照。,false
customer_visit_targets,summary,string,データ名とフィールド名に対応。詳細は計算ルール／導入ガイドを参照。,false
customer_visit_targets,nomination_person_id,string,データ名とフィールド名に対応。詳細は計算ルール／導入ガイドを参照。,false
customer_visit_targets,gross_amount_target_yen,integer,円単位の金額（接尾辞_yen）,false
customer_visit_targets,order_id,null,データ名とフィールド名に対応。詳細は計算ルール／導入ガイドを参照。,true
customer_visit_targets,record_status,string,データ状態,false
bottle_keep_snapshots,bottle_keep_id,string,データ名とフィールド名に対応。詳細は計算ルール／導入ガイドを参照。,false
bottle_keep_snapshots,store_id,string,店舗ID,false
bottle_keep_snapshots,customer_id,string,顧客ID,false
bottle_keep_snapshots,product_id,string,商品ID,false
bottle_keep_snapshots,purchase_order_id,null,データ名とフィールド名に対応。詳細は計算ルール／導入ガイドを参照。,true
bottle_keep_snapshots,opened_on,string,データ名とフィールド名に対応。詳細は計算ルール／導入ガイドを参照。,false
bottle_keep_snapshots,remaining_percent_estimate,integer,データ名とフィールド名に対応。詳細は計算ルール／導入ガイドを参照。,false
bottle_keep_snapshots,last_used_on,string,データ名とフィールド名に対応。詳細は計算ルール／導入ガイドを参照。,false
bottle_keep_snapshots,expires_on,null,データ名とフィールド名に対応。詳細は計算ルール／導入ガイドを参照。,true
bottle_keep_snapshots,state,string,データ名とフィールド名に対応。詳細は計算ルール／導入ガイドを参照。,false
bottle_keep_snapshots,use_decrements_sale_inventory,boolean,データ名とフィールド名に対応。詳細は計算ルール／導入ガイドを参照。,false
bottle_keep_snapshots,record_status,string,データ状態,false
receivable_opening_snapshots,receivable_id,string,データ名とフィールド名に対応。詳細は計算ルール／導入ガイドを参照。,false
receivable_opening_snapshots,store_id,string,店舗ID,false
receivable_opening_snapshots,customer_id,string,顧客ID,false
receivable_opening_snapshots,originated_on,null | string,データ名とフィールド名に対応。詳細は計算ルール／導入ガイドを参照。,true
receivable_opening_snapshots,source_order_id,null | string,根拠伝票ID・未作成ならnull,true
receivable_opening_snapshots,principal_yen,integer,円単位の金額（接尾辞_yen）,false
receivable_opening_snapshots,prior_received_aggregate_yen,integer,円単位の金額（接尾辞_yen）,false
receivable_opening_snapshots,opening_balance_yen,integer,開始売掛残高,false
receivable_opening_snapshots,as_of,string,データ名とフィールド名に対応。詳細は計算ルール／導入ガイドを参照。,false
receivable_opening_snapshots,prior_payment_events_available,boolean,データ名とフィールド名に対応。詳細は計算ルール／導入ガイドを参照。,false
receivable_opening_snapshots,record_status,string,データ状態,false
receivable_opening_snapshots,deduct_from_cast_payroll,boolean,データ名とフィールド名に対応。詳細は計算ルール／導入ガイドを参照。,false
receivable_balances,store_id,string,店舗ID,false
receivable_balances,customer_id,string,顧客ID,false
receivable_balances,balance_yen,integer,円単位の金額（接尾辞_yen）,false
receivable_balances,as_of,string,データ名とフィールド名に対応。詳細は計算ルール／導入ガイドを参照。,false
receivable_balances,record_status,string,データ状態,false
future_receipt_allocation_example,scenario_id,string,データ名とフィールド名に対応。詳細は計算ルール／導入ガイドを参照。,false
future_receipt_allocation_example,store_id,string,店舗ID,false
future_receipt_allocation_example,customer_id,string,顧客ID,false
future_receipt_allocation_example,scenario_date,string,データ名とフィールド名に対応。詳細は計算ルール／導入ガイドを参照。,false
future_receipt_allocation_example,total_payment_yen,integer,円単位の金額（接尾辞_yen）,false
future_receipt_allocation_example,receivable_id,string,データ名とフィールド名に対応。詳細は計算ルール／導入ガイドを参照。,false
future_receipt_allocation_example,balance_before_yen,integer,円単位の金額（接尾辞_yen）,false
future_receipt_allocation_example,allocated_yen,integer,円単位の金額（接尾辞_yen）,false
future_receipt_allocation_example,balance_after_yen,integer,円単位の金額（接尾辞_yen）,false
future_receipt_allocation_example,posted,boolean,データ名とフィールド名に対応。詳細は計算ルール／導入ガイドを参照。,false
future_receipt_allocation_example,allocation_policy,string,データ名とフィールド名に対応。詳細は計算ルール／導入ガイドを参照。,false
tables,table_id,string,データ名とフィールド名に対応。詳細は計算ルール／導入ガイドを参照。,false
tables,store_id,string,店舗ID,false
tables,display_name,string,データ名とフィールド名に対応。詳細は計算ルール／導入ガイドを参照。,false
tables,seat_type,string,データ名とフィールド名に対応。詳細は計算ルール／導入ガイドを参照。,false
tables,capacity,null,データ名とフィールド名に対応。詳細は計算ルール／導入ガイドを参照。,true
tables,is_active,boolean,データ名とフィールド名に対応。詳細は計算ルール／導入ガイドを参照。,false
tables,record_status,string,データ状態,false
table_state_targets,store_id,string,店舗ID,false
table_state_targets,table_id,string,データ名とフィールド名に対応。詳細は計算ルール／導入ガイドを参照。,false
table_state_targets,as_of,string,データ名とフィールド名に対応。詳細は計算ルール／導入ガイドを参照。,false
table_state_targets,state_target,string,データ名とフィールド名に対応。詳細は計算ルール／導入ガイドを参照。,false
table_state_targets,guests_target,integer,データ名とフィールド名に対応。詳細は計算ルール／導入ガイドを参照。,false
table_state_targets,customer_id,null | string,顧客ID,true
table_state_targets,assigned_person_ids,array,データ名とフィールド名に対応。詳細は計算ルール／導入ガイドを参照。,false
table_state_targets,current_bill_target_yen,integer | null,未会計表示額の案,true
table_state_targets,record_status,string,データ状態,false
open_order_header_targets,order_id,string,データ名とフィールド名に対応。詳細は計算ルール／導入ガイドを参照。,false
open_order_header_targets,store_id,string,店舗ID,false
open_order_header_targets,table_id,string,データ名とフィールド名に対応。詳細は計算ルール／導入ガイドを参照。,false
open_order_header_targets,business_date,string,データ名とフィールド名に対応。詳細は計算ルール／導入ガイドを参照。,false
open_order_header_targets,as_of,string,データ名とフィールド名に対応。詳細は計算ルール／導入ガイドを参照。,false
open_order_header_targets,opened_at,null,データ名とフィールド名に対応。詳細は計算ルール／導入ガイドを参照。,true
open_order_header_targets,customer_id,null | string,顧客ID,true
open_order_header_targets,guest_count_target,integer,データ名とフィールド名に対応。詳細は計算ルール／導入ガイドを参照。,false
open_order_header_targets,gross_amount_target_yen,integer,円単位の金額（接尾辞_yen）,false
open_order_header_targets,order_status,string,データ名とフィールド名に対応。詳細は計算ルール／導入ガイドを参照。,false
open_order_header_targets,complete_item_lines_available,boolean,データ名とフィールド名に対応。詳細は計算ルール／導入ガイドを参照。,false
open_order_header_targets,record_status,string,データ状態,false
live_dashboard_targets,store_id,string,店舗ID,false
live_dashboard_targets,as_of,string,データ名とフィールド名に対応。詳細は計算ルール／導入ガイドを参照。,false
live_dashboard_targets,front_staff_on_duty_target,integer,データ名とフィールド名に対応。詳細は計算ルール／導入ガイドを参照。,false
live_dashboard_targets,occupied_groups_target,integer,データ名とフィールド名に対応。詳細は計算ルール／導入ガイドを参照。,false
live_dashboard_targets,occupied_guests_target,integer,データ名とフィールド名に対応。詳細は計算ルール／導入ガイドを参照。,false
live_dashboard_targets,reservations_remaining_target,integer,データ名とフィールド名に対応。詳細は計算ルール／導入ガイドを参照。,false
live_dashboard_targets,stated_today_sales_target_yen,integer,円単位の金額（接尾辞_yen）,false
live_dashboard_targets,confirmed_sales_yen,null,確定売上・元イベント不足のためnull,true
live_dashboard_targets,open_bill_target_sum_yen,integer,円単位の金額（接尾辞_yen）,false
live_dashboard_targets,table_rows_occupied_count,integer,データ名とフィールド名に対応。詳細は計算ルール／導入ガイドを参照。,false
live_dashboard_targets,table_rows_guests_count,integer,データ名とフィールド名に対応。詳細は計算ルール／導入ガイドを参照。,false
live_dashboard_targets,record_status,string,データ状態,false
live_dashboard_targets,notes,string,データ名とフィールド名に対応。詳細は計算ルール／導入ガイドを参照。,false
reservation_targets,reservation_id,string,データ名とフィールド名に対応。詳細は計算ルール／導入ガイドを参照。,false
reservation_targets,store_id,string,店舗ID,false
reservation_targets,scheduled_at,string,データ名とフィールド名に対応。詳細は計算ルール／導入ガイドを参照。,false
reservation_targets,customer_id,string,顧客ID,false
reservation_targets,guest_count,integer,データ名とフィールド名に対応。詳細は計算ルール／導入ガイドを参照。,false
reservation_targets,table_id,string,データ名とフィールド名に対応。詳細は計算ルール／導入ガイドを参照。,false
reservation_targets,assigned_person_id,null | string,データ名とフィールド名に対応。詳細は計算ルール／導入ガイドを参照。,true
reservation_targets,status,string,データ名とフィールド名に対応。詳細は計算ルール／導入ガイドを参照。,false
reservation_targets,is_demo,boolean,データ名とフィールド名に対応。詳細は計算ルール／導入ガイドを参照。,false
shift_targets,shift_target_id,string,データ名とフィールド名に対応。詳細は計算ルール／導入ガイドを参照。,false
shift_targets,store_id,string,店舗ID,false
shift_targets,person_id,string,人物ID,false
shift_targets,business_date,string,データ名とフィールド名に対応。詳細は計算ルール／導入ガイドを参照。,false
shift_targets,planned_start_at,null | string,データ名とフィールド名に対応。詳細は計算ルール／導入ガイドを参照。,true
shift_targets,planned_end_at,null | string,データ名とフィールド名に対応。詳細は計算ルール／導入ガイドを参照。,true
shift_targets,actual_clock_in_at,null,データ名とフィールド名に対応。詳細は計算ルール／導入ガイドを参照。,true
shift_targets,actual_clock_out_at,null,データ名とフィールド名に対応。詳細は計算ルール／導入ガイドを参照。,true
shift_targets,state_target,string,データ名とフィールド名に対応。詳細は計算ルール／導入ガイドを参照。,false
shift_targets,shift_request_type,string,データ名とフィールド名に対応。詳細は計算ルール／導入ガイドを参照。,false
shift_targets,record_status,string,データ状態,false
cast_sales_targets,store_id,string,店舗ID,false
cast_sales_targets,person_id,string,人物ID,false
cast_sales_targets,as_of,string,データ名とフィールド名に対応。詳細は計算ルール／導入ガイドを参照。,false
cast_sales_targets,sales_target_yen,integer,円単位の金額（接尾辞_yen）,false
cast_sales_targets,confirmed_allocated_sales_yen,null,円単位の金額（接尾辞_yen）,true
cast_sales_targets,source_includes_unpaid_orders,string,データ名とフィールド名に対応。詳細は計算ルール／導入ガイドを参照。,false
cast_sales_targets,record_status,string,データ状態,false
cast_back_targets,store_id,string,店舗ID,false
cast_back_targets,person_id,string,人物ID,false
cast_back_targets,as_of,string,データ名とフィールド名に対応。詳細は計算ルール／導入ガイドを参照。,false
cast_back_targets,drink_count_target,integer,データ名とフィールド名に対応。詳細は計算ルール／導入ガイドを参照。,false
cast_back_targets,shot_count_target,integer,データ名とフィールド名に対応。詳細は計算ルール／導入ガイドを参照。,false
cast_back_targets,champagne_note,null | string,データ名とフィールド名に対応。詳細は計算ルール／導入ガイドを参照。,true
cast_back_targets,back_amount_target_yen,integer,円単位の金額（接尾辞_yen）,false
cast_back_targets,record_status,string,データ状態,false
cast_back_targets,sku_mix_available,boolean,データ名とフィールド名に対応。詳細は計算ルール／導入ガイドを参照。,false
partial_open_order_line_targets,item_target_id,string,データ名とフィールド名に対応。詳細は計算ルール／導入ガイドを参照。,false
partial_open_order_line_targets,order_id,string,データ名とフィールド名に対応。詳細は計算ルール／導入ガイドを参照。,false
partial_open_order_line_targets,store_id,string,店舗ID,false
partial_open_order_line_targets,product_id,null | string,商品ID,true
partial_open_order_line_targets,charge_type,null | string,データ名とフィールド名に対応。詳細は計算ルール／導入ガイドを参照。,true
partial_open_order_line_targets,quantity,integer,データ名とフィールド名に対応。詳細は計算ルール／導入ガイドを参照。,false
partial_open_order_line_targets,unit_price_yen,integer,円単位の金額（接尾辞_yen）,false
partial_open_order_line_targets,recipient_person_id,null | string,データ名とフィールド名に対応。詳細は計算ルール／導入ガイドを参照。,true
partial_open_order_line_targets,nomination_status,null | string,データ名とフィールド名に対応。詳細は計算ルール／導入ガイドを参照。,true
partial_open_order_line_targets,record_status,string,データ状態,false
live_order_line_reconciliation,order_id,string,データ名とフィールド名に対応。詳細は計算ルール／導入ガイドを参照。,false
live_order_line_reconciliation,store_id,string,店舗ID,false
live_order_line_reconciliation,subtotal_from_listed_lines_yen,integer,円単位の金額（接尾辞_yen）,false
live_order_line_reconciliation,service_yen,integer,円単位の金額（接尾辞_yen）,false
live_order_line_reconciliation,tax_yen,integer,円単位の金額（接尾辞_yen）,false
live_order_line_reconciliation,total_from_listed_lines_yen,integer,円単位の金額（接尾辞_yen）,false
live_order_line_reconciliation,stated_bill_target_yen,integer,円単位の金額（接尾辞_yen）,false
live_order_line_reconciliation,difference_yen,integer,円単位の金額（接尾辞_yen）,false
bottle_keep_use_target,store_id,string,店舗ID,false
bottle_keep_use_target,order_id,string,データ名とフィールド名に対応。詳細は計算ルール／導入ガイドを参照。,false
bottle_keep_use_target,bottle_keep_id,string,データ名とフィールド名に対応。詳細は計算ルール／導入ガイドを参照。,false
bottle_keep_use_target,inventory_decrement_units,integer,データ名とフィールド名に対応。詳細は計算ルール／導入ガイドを参照。,false
bottle_keep_use_target,remaining_percent_before,integer,データ名とフィールド名に対応。詳細は計算ルール／導入ガイドを参照。,false
bottle_keep_use_target,remaining_percent_after,null,データ名とフィールド名に対応。詳細は計算ルール／導入ガイドを参照。,true
bottle_keep_use_target,record_status,string,データ状態,false
inventory_alert_targets,store_id,string,店舗ID,false
inventory_alert_targets,product_id,string,商品ID,false
inventory_alert_targets,as_of,string,データ名とフィールド名に対応。詳細は計算ルール／導入ガイドを参照。,false
inventory_alert_targets,quantity_target,integer,データ名とフィールド名に対応。詳細は計算ルール／導入ガイドを参照。,false
inventory_alert_targets,reorder_point,integer,データ名とフィールド名に対応。詳細は計算ルール／導入ガイドを参照。,false
inventory_alert_targets,state_target,string,データ名とフィールド名に対応。詳細は計算ルール／導入ガイドを参照。,false
inventory_alert_targets,record_status,string,データ状態,false
inventory_alert_targets,notes,string,データ名とフィールド名に対応。詳細は計算ルール／導入ガイドを参照。,false
home_attention_targets,store_id,string,店舗ID,false
home_attention_targets,attention_id,string,データ名とフィールド名に対応。詳細は計算ルール／導入ガイドを参照。,false
home_attention_targets,kind,string,データ名とフィールド名に対応。詳細は計算ルール／導入ガイドを参照。,false
home_attention_targets,message,string,データ名とフィールド名に対応。詳細は計算ルール／導入ガイドを参照。,false
home_attention_targets,record_status,string,データ状態,false
store_summary,store_id,string,店舗ID,false
store_summary,store_name,string,データ名とフィールド名に対応。詳細は計算ルール／導入ガイドを参照。,false
store_summary,product_count,integer,データ名とフィールド名に対応。詳細は計算ルール／導入ガイドを参照。,false
store_summary,front_people_count,integer,データ名とフィールド名に対応。詳細は計算ルール／導入ガイドを参照。,false
store_summary,support_people_count,integer,データ名とフィールド名に対応。詳細は計算ルール／導入ガイドを参照。,false
store_summary,plan_count,integer,データ名とフィールド名に対応。詳細は計算ルール／導入ガイドを参照。,false
store_summary,customer_count,integer,データ名とフィールド名に対応。詳細は計算ルール／導入ガイドを参照。,false
store_summary,table_count,integer,データ名とフィールド名に対応。詳細は計算ルール／導入ガイドを参照。,false
store_summary,reference_receipt_count,integer,データ名とフィールド名に対応。詳細は計算ルール／導入ガイドを参照。,false
store_summary,monthly_target_gross_yen,integer,円単位の金額（接尾辞_yen）,false
store_summary,receivable_snapshot_balance_yen,integer,円単位の金額（接尾辞_yen）,false
review_issues,issue_id,string,データ名とフィールド名に対応。詳細は計算ルール／導入ガイドを参照。,false
review_issues,severity,string,データ名とフィールド名に対応。詳細は計算ルール／導入ガイドを参照。,false
review_issues,subject,string,データ名とフィールド名に対応。詳細は計算ルール／導入ガイドを参照。,false
review_issues,detail,string,データ名とフィールド名に対応。詳細は計算ルール／導入ガイドを参照。,false
review_issues,treatment,string,データ名とフィールド名に対応。詳細は計算ルール／導入ガイドを参照。,false
review_issues,dataset,string,データ名とフィールド名に対応。詳細は計算ルール／導入ガイドを参照。,false
